ProductID,ProductName,ProductBrand,Gender,Price,NumImages,PrimaryColor,Description
101,Classic Navy Blazer,Raymond,Men,5499,5,Navy,"Professional wool-blend jacket with notched lapels and a structured fit for office meetings."
102,Summer Breeze Maxi,Dressberry,Women,2200,4,Yellow,"Lightweight flowy yellow dress with a vibrant floral print and spaghetti straps for beach outings."
103,Dry-Fit Running Shorts,Nike,Men,1800,3,Black,"Moisture-wicking athletic shorts with reflective strips and breathable mesh panels for high-intensity workouts."
104,Leather Chelsea Boots,Red Tape,Men,4200,4,Tan,"Sophisticated slip-on tan leather boots with elastic side panels and a pull-tab at the back."
105,Cozy Cable Knit Sweater,H&M,Women,1599,3,Cream,"Thick ivory jumper with an intricate cable-knit pattern and a relaxed turtleneck for winter warmth."
106,Distressed Denim Jacket,Levis,Unisex,3500,5,Blue,"Rugged vintage-style blue denim trucker jacket with metal buttons and a faded wash finish."
107,Bohemian Embroidered Top,Aurelia,Women,1299,2,White,"White cotton tunic featuring traditional ethnic embroidery and bell sleeves for a fusion look."
108,Waterproof Trekking Pants,Wildcraft,Unisex,2800,4,Grey,"Durable ripstop trousers with multiple pockets and water-repellent coating for mountain hiking."
109,Silk Evening Gown,Label Ritu Kumar,Women,12000,6,Emerald,"Luxurious emerald green floor-length silk dress with gold zari work for weddings and galas."
110,Graphic Streetwear Hoodie,Puma,Unisex,2499,3,Red,"Bold red fleece hooded sweatshirt with a distributed geometric print and a kangaroo pocket."
111,Breathable Linen Trousers,Marks & Spencer,Men,3299,4,Beige,"Natural linen-blend pants with a straight cut and drawstring waist for tropical climates."
112,Ankle-Length Leggings,Go Colors,Women,799,2,Pink,"High-stretch cotton-lycra leggings in a vibrant fuchsia shade for daily comfort."
113,Smart Fit Polo Shirt,US Polo Assn,Men,1499,4,Green,"Solid pique knit cotton polo with a ribbed collar and signature logo embroidery."
114,Quilted Puffer Jacket,Columbia,Men,8500,5,Black,"Insulated heavy-duty winter coat with heat-seal technology and a detachable hood."
115,Canvas Slip-on Sneakers,Vans,Unisex,2200,3,Checkered,"Classic black and white checkered canvas shoes with a vulcanized rubber sole."
116,Polka Dot Sundress,ZARA,Women,2800,4,Red,"Retro-style red dress with white polka dots and a cinched waistline for brunch dates."
117,Tapered Chino Pants,Allen Solly,Men,1999,4,Khaki,"Work-ready cotton chinos with a slight stretch and button-through welt pockets."
118,Oversized Flannel Shirt,Roadster,Unisex,1199,3,Green,"Soft brushed cotton plaid shirt in forest green with a loose boyfriend fit."
119,Sequin Party Top,Only,Women,1899,4,Silver,"Shimmery silver sleeveless top covered in micro-sequins for clubbing and night outs."
120,Performance Yoga Mat,Reebok,Unisex,1500,2,Purple,"Anti-slip cushioned mat with alignment marks for pilates and stretching exercises."
121,Formal Oxford Shoes,Clarks,Men,5500,5,Black,"Traditional handcrafted leather lace-ups with a polished finish and cushioned footbed."
122,Wrap Style Maternity Dress,Mothercare,Women,2500,3,Blue,"Adjustable jersey wrap dress with a V-neckline designed for comfort during pregnancy."
123,Corduroy Trucker Cap,Adidas,Unisex,999,2,Brown,"Adjustable structured cap with a corduroy finish and a curved brim for casual wear."
124,Velvet Palazzo Pants,Biba,Women,1600,3,Maroon,"Plush maroon velvet wide-leg trousers with an elasticated waistband for festive occasions."
125,Lightweight Windbreaker,Decathlon,Unisex,1299,4,Neon,"Compact packable jacket with wind-resistant fabric and a high neck for cycling."
126,Aviator Sunglasses,Ray-Ban,Unisex,8500,3,Gold,"Classic gold-rimmed shades with polarized green lenses and UV protection."
127,Ruffled Chiffon Blouse,Mango,Women,2200,4,Lavender,"Delicate purple semi-sheer top with layered ruffles and a tie-up neck."
128,Cargo Combat Shorts,Superdry,Men,3800,5,Olive,"Military-style olive green shorts with reinforced stitching and six functional pockets."
129,Fleece Lined Tracksuit,HRX,Men,2999,4,Navy,"Warm athletic set including a zip-up hoodie and joggers for cold weather training."
130,Handwoven Jute Tote Bag,FabIndia,Women,899,3,Beige,"Eco-friendly large carry-all bag with leather handles and ethnic prints."
131,Pinstriped Waistcoat,Van Heusen,Men,2100,3,Grey,"Formal grey vest with a three-button closure and an adjustable back strap."
132,One-Piece Swimsuit,Speedo,Women,3200,4,Blue,"Chlorine-resistant competitive swimwear with a racerback design and aerodynamic fit."
133,Mandarin Collar Kurta,Manyavar,Men,2400,4,White,"Elegant white linen-cotton blend kurta with side slits and a wooden button placket."
134,Faux Fur Overcoat,Forever 21,Women,4500,5,Pink,"Glamorous dusty pink long coat with a soft faux fur collar and hidden snap buttons."
135,Metallic Dial Watch,Fossil,Men,9500,3,Silver,"Stainless steel analog watch with a blue sunray dial and water resistance."
136,High-Waist Mom Jeans,Levis,Women,3200,4,LightBlue,"Retro 90s style high-rise denim with a relaxed leg and five-pocket styling."
137,Suede Biker Jacket,ZARA,Men,7500,5,Tan,"Premium tan suede leather jacket with asymmetric zippers and notched lapels."
138,A-Line Midi Skirt,H&M,Women,1499,3,Black,"Simple black jersey skirt with a smooth drape and hidden side zipper."
139,Thermal Base Layer,Uniqlo,Unisex,1999,2,Grey,"Heat-retaining lightweight innerwear designed for extreme sub-zero temperatures."
140,Embroidered Pashmina Shawl,KashmirBox,Women,8500,4,Red,"Fine wool wrap with intricate hand-embroidered floral borders from the valley."
141,Graphic Skateboard Deck,Vans,Unisex,4500,3,Multi,"Seven-ply maple wood board with a distributed pop-art print on the underside."
142,Slim Fit Denim Shirt,Wrangler,Men,1800,4,Black,"Western-style black denim shirt with snap buttons and twin chest pockets."
143,Knitted Bodycon Dress,Only,Women,2400,3,Green,"Stretchy olive green ribbed dress that highlights the silhouette with a midi length."
144,Slip-Resistant Flip Flops,Crocs,Unisex,1500,2,Blue,"Comfortable foam sandals with a textured footbed and durable outsole."
145,Double Breasted Pea Coat,Burberry,Men,45000,6,Black,"Iconic heavy wool coat with large anchor buttons and wide lapels for luxury warmth."
146,Geometric Print Scarf,Accessorize,Women,999,3,Multi,"Lightweight silky scarf with a scattered abstract pattern in pastel shades."
147,Compression Workout Tights,Under Armour,Men,3500,4,Grey,"Ultra-tight second-skin fit leggings that support muscle recovery during exercise."
148,Chiffon Saree,Sabyasachi,Women,85000,5,Gold,"Exquisite designer saree with hand-painted motifs and a sequinned border."
149,Activewear Sports Bra,Puma,Women,1299,3,Black,"High-impact support bra with racerback straps and a mesh back for ventilation."
150,Distressed Leather Wallet,Wildhorn,Men,899,2,Brown,"Genuine leather bifold wallet with a vintage rugged look and RFID protection."